-- phpMyAdmin SQL Dump
-- version 5.2.0
-- https://www.phpmyadmin.net/
--
-- Хост: 127.0.0.1:3306
-- Время создания: Сен 11 2025 г., 17:30
-- Версия сервера: 8.0.30
-- Версия PHP: 8.2.20

SET SQL_MODE = "NO_AUTO_VALUE_ON_ZERO";
START TRANSACTION;
SET time_zone = "+00:00";


/*!40101 SET @OLD_CHARACTER_SET_CLIENT=@@CHARACTER_SET_CLIENT */;
/*!40101 SET @OLD_CHARACTER_SET_RESULTS=@@CHARACTER_SET_RESULTS */;
/*!40101 SET @OLD_COLLATION_CONNECTION=@@COLLATION_CONNECTION */;
/*!40101 SET NAMES utf8mb4 */;

--
-- База данных: `smartyShop`
--

-- --------------------------------------------------------

--
-- Структура таблицы `brend`
--

CREATE TABLE `brend` (
  `id` int NOT NULL,
  `name` varchar(25) NOT NULL
) ENGINE=InnoDB DEFAULT CHARSET=utf8mb4 COLLATE=utf8mb4_0900_ai_ci;

--
-- Дамп данных таблицы `brend`
--

INSERT INTO `brend` (`id`, `name`) VALUES
(1, 'Adidas'),
(2, 'Puma'),
(3, 'Nike'),
(4, 'New Balance'),
(5, 'Asics'),
(6, 'Solomon');

-- --------------------------------------------------------

--
-- Структура таблицы `buyers`
--

CREATE TABLE `buyers` (
  `id` int NOT NULL,
  `login` varchar(30) NOT NULL,
  `pib` varchar(55) NOT NULL,
  `password` varchar(255) NOT NULL,
  `number` int NOT NULL,
  `email` varchar(60) NOT NULL,
  `adres` varchar(150) NOT NULL
) ENGINE=InnoDB DEFAULT CHARSET=utf8mb4 COLLATE=utf8mb4_0900_ai_ci;

--
-- Дамп данных таблицы `buyers`
--

INSERT INTO `buyers` (`id`, `login`, `pib`, `password`, `number`, `email`, `adres`) VALUES
(1, 'nazar', 'Снітка Назар Валентинович', '7110eda4d09e062aa5e4a390b0a572ac0d2c0220', 506291446, 'nazarsnitka813@gmail.com', 'Адама міцкевича');

-- --------------------------------------------------------

--
-- Структура таблицы `photo`
--

CREATE TABLE `photo` (
  `id` int NOT NULL,
  `fileName` varchar(255) NOT NULL,
  `idTovar` int NOT NULL,
  `status` int NOT NULL DEFAULT '0'
) ENGINE=InnoDB DEFAULT CHARSET=utf8mb4 COLLATE=utf8mb4_0900_ai_ci;

--
-- Дамп данных таблицы `photo`
--

INSERT INTO `photo` (`id`, `fileName`, `idTovar`, `status`) VALUES
(1, '1717692001EE6464_01_standard.WebP', 1, 1),
(2, '1717692001EE6464_02_standard.WebP', 1, 0),
(3, '1717692001EE6464_03_standard.WebP', 1, 0),
(4, '1717692001EE6464_04_standard.WebP', 1, 0),
(5, '1717692769FZ4986_01_standard — копия.WebP', 2, 1),
(6, '1717692769FZ4986_01_standard1 — копия.WebP', 2, 0),
(7, '1717692769FZ4986_02_standard.WebP', 2, 0),
(8, '1717692769FZ4986_03_standard.WebP', 2, 0),
(9, '1717692926GZ3037_01_standard.WebP', 3, 1),
(10, '1717692926GZ3037_02_standard.WebP', 3, 0),
(11, '1717692926GZ3037_03_standard.WebP', 3, 0),
(12, '1717692926GZ3037_04_standard.WebP', 3, 0),
(13, '1717693584png (1).avif', 4, 1),
(14, '1717693584png (2).avif', 4, 0),
(15, '1717693584png (3).avif', 4, 0),
(16, '1717693584png.avif', 4, 0),
(17, '1717693744png (5).avif', 5, 1),
(18, '1717693744png (6).avif', 5, 0),
(19, '1717693744png (7).avif', 5, 0),
(21, '1717693814png (4).avif', 5, 0),
(22, '1717694030png (8).avif', 6, 1),
(23, '1717694030png (9).avif', 6, 0),
(24, '1717694030png (10).avif', 6, 0),
(25, '1717694030png (11).avif', 6, 0),
(26, '1717694264DV3337_700_a.webp', 7, 1),
(27, '1717694264DV3337_700_b.webp', 7, 0),
(28, '1717694264DV3337_700_d.webp', 7, 0),
(29, '1717694264DV3337_700_h.webp', 7, 0),
(30, '1717694458FN6837_012_a.webp', 8, 1),
(31, '1717694458FN6837_012_b.webp', 8, 0),
(32, '1717694458FN6837_012_d.webp', 8, 0),
(33, '1717694458FN6837_012_h.webp', 8, 0),
(34, '1717694556DZ2616_008_a.webp', 9, 1),
(35, '1717694556DZ2616_008_b.webp', 9, 0),
(36, '1717694556DZ2616_008_d.webp', 9, 0),
(37, '1717694556DZ2616_008_f.webp', 9, 0),
(38, '171769481261311f59e4a027630e9b9b5af979.jpg', 10, 1),
(39, '1717694812badf04eff4ba1f496342fc0e7db7.jpg', 10, 0),
(40, '1717694812bd566e1ddde403a548f833f59af0.jpg', 10, 0),
(41, '1717694812d682918400e91e762c4876088fb8.jpg', 10, 0),
(42, '17176949576b62a9c214c681ab452ef13bab7d.jpg', 11, 1),
(43, '171769495796a4226768b480ddf6fd0554a8da.jpg', 11, 0),
(44, '1717694957734167cf3234949dff6e96633113.jpg', 11, 0),
(45, '1717694957813654241c27d3d321d8c9cd8125.jpg', 11, 0),
(46, '17176950846c49bd4207a3ac2ba83346cb50b7.jpg', 12, 1),
(47, '1717695084188803144873cb1a85efb769a308.jpg', 12, 0),
(48, '1717695084dd1bacb70034db1d67d0ca06a4f1.jpg', 12, 0),
(49, '1717695084e9152d91c6a9692640400f3011b3.jpg', 12, 0),
(50, '1717695565SS24-OBD3BE-00X_F1.webp', 13, 1),
(51, '1717695565SS24-OBD3BE-00X_F2.webp', 13, 0),
(52, '1717695565SS24-OBD3BE-00X_F4.webp', 13, 0),
(53, '1717695565SS24-OBD3BE-00X_F5.webp', 13, 0),
(54, '1717695682SS24-OBM14G-02X_F1.webp', 14, 1),
(55, '1717695682SS24-OBM14G-02X_F2.webp', 14, 0),
(56, '1717695682SS24-OBM14G-02X_F4.webp', 14, 0),
(57, '1717695682SS24-OBM14G-02X_F5.webp', 14, 0),
(58, '1717695770AW19-OBM028_99X_F1.webp', 15, 1),
(59, '1717695770AW19-OBM028_99X_F2.webp', 15, 0),
(60, '1717695770AW19-OBM028_99X_F3.webp', 15, 0),
(61, '1717695770AW19-OBM028_99X_F5.webp', 15, 0),
(62, '1717696300409830488.webp', 16, 1),
(63, '1717696300409830492.webp', 16, 0),
(64, '1717696300409830495.webp', 16, 0),
(65, '1717696300409830499.webp', 16, 0),
(66, '1717696399384559263.webp', 17, 1),
(67, '1717696399384559266.webp', 17, 0),
(68, '1717696399384559271.webp', 17, 0),
(69, '1717696399384559276.webp', 17, 0),
(70, '1717696618409859703.webp', 18, 1),
(71, '1717696618409859704.webp', 18, 0),
(72, '1717696618409859708.webp', 18, 0),
(73, '1717696618409859713.webp', 18, 0);

-- --------------------------------------------------------

--
-- Структура таблицы `relationOrder`
--

CREATE TABLE `relationOrder` (
  `id` int NOT NULL,
  `idKlient` int NOT NULL,
  `idTovar` int NOT NULL,
  `kolvo` int NOT NULL,
  `dataOrder` date NOT NULL,
  `koment` text,
  `status` int NOT NULL DEFAULT '0'
) ENGINE=InnoDB DEFAULT CHARSET=utf8mb4 COLLATE=utf8mb4_0900_ai_ci;

--
-- Дамп данных таблицы `relationOrder`
--

INSERT INTO `relationOrder` (`id`, `idKlient`, `idTovar`, `kolvo`, `dataOrder`, `koment`, `status`) VALUES
(1, 1, 2, 3, '2024-06-12', 'бистро', 1),
(2, 1, 7, 2, '2024-06-12', 'бистро', 1),
(3, 1, 2, 1, '2024-09-10', '', 0),
(4, 1, 2, 1, '2024-09-10', '', 0),
(5, 1, 1, 1, '2024-09-22', '', 0),
(6, 1, 2, 1, '2024-09-22', '', 0),
(10, 1, 7, 4, '2025-09-08', '', 1);

-- --------------------------------------------------------

--
-- Структура таблицы `settingPage`
--

CREATE TABLE `settingPage` (
  `id` int NOT NULL,
  `metaTitle` varchar(50) NOT NULL,
  `metaDiscription` varchar(50) NOT NULL,
  `metaKeywords` varchar(50) NOT NULL,
  `title` varchar(50) NOT NULL,
  `fullContent` text NOT NULL,
  `page` varchar(30) NOT NULL,
  `name` varchar(30) NOT NULL,
  `prior` int NOT NULL
) ENGINE=InnoDB DEFAULT CHARSET=utf8mb4 COLLATE=utf8mb4_0900_ai_ci;

--
-- Дамп данных таблицы `settingPage`
--

INSERT INTO `settingPage` (`id`, `metaTitle`, `metaDiscription`, `metaKeywords`, `title`, `fullContent`, `page`, `name`, `prior`) VALUES
(1, 'Головна', 'Головна сторінка з продажу взуття', 'Головна сторінка з продажу взуття', 'Головна', 'Поки що тут нічого немає(  ', 'index', 'Головна', 1),
(2, 'Каталог товарів', 'Каталог товарів', 'Каталог товарів', 'Каталог товарів', '', 'catalog', 'Каталог', 2),
(3, 'Про нас', 'Про нас', 'Про нас', 'Про нас', 'Ласкаво просимо до Bootshop! Ми - ваш надійний партнер у світі модних брендових кросівок. Наш інтернет-магазин пропонує широкий асортимент взуття від провідних світових виробників, таких як Nike, Adidas, Puma, і багатьох інших. Ми гарантуємо 100% оригінальність продукції та високий рівень обслуговування. Наша місія - забезпечити вас найстильнішими і найзручнішими кросівками, які стануть невід\'ємною частиною вашого образу.\n\nЧому обирають нас:\n\nВеликий вибір моделей на будь-який смак\nКонкурентні ціни та регулярні знижки\nШвидка доставка по всій країні\nПрофесійна консультація та підтримка клієнтів\nДякуємо, що обрали нас. Разом ми зробимо ваш стиль неповторним!', 'about', 'Про нас', 3),
(4, 'Контакти', 'Контакти', 'Контакти', 'Контакти', 'Номер менеджера: +380-050-629-14-46\nАдреса електронної пошти: bootshop@gmail.com', 'contacts', 'Контакти', 4),
(5, 'Вакансії', 'Вакансії', 'Вакансії', 'Вакансії', 'Шукаємо працівників до нашого інтернет магазину! Наші контакти в розділі контакти!', 'vacanci', 'Вакансії', 5);

-- --------------------------------------------------------

--
-- Структура таблицы `tovar`
--

CREATE TABLE `tovar` (
  `id` int NOT NULL,
  `metaTitle` varchar(50) NOT NULL,
  `metaDiscription` varchar(50) NOT NULL,
  `metaKeywords` varchar(50) NOT NULL,
  `title` varchar(50) NOT NULL,
  `price` decimal(10,2) NOT NULL,
  `idBrend` int NOT NULL,
  `kolvo` int NOT NULL,
  `har` text NOT NULL,
  `data` date NOT NULL
) ENGINE=InnoDB DEFAULT CHARSET=utf8mb4 COLLATE=utf8mb4_0900_ai_ci;

--
-- Дамп данных таблицы `tovar`
--

INSERT INTO `tovar` (`id`, `metaTitle`, `metaDiscription`, `metaKeywords`, `title`, `price`, `idBrend`, `kolvo`, `har`, `data`) VALUES
(1, 'КРОСІВКИ OZWEEGO', 'КРОСІВКИ OZWEEGO', 'КРОСІВКИ OZWEEGO', 'КРОСІВКИ OZWEEGO', '5799.00', 1, 6, 'ПРО МОДЕЛЬ\r\nАмортизація Adiprene + в передній частині стопи та в зоні п\'яти; легка проміжна підошва з ЕВА\r\nМ\'яка та легка модель\r\nЗазвичай маломірять на пів розміру: рекомендуємо купувати на пів розміру більше вашого звичайного розміру\r\nСітчастий верх зі вставками із замші та термополіуретану\r\nТекстильна підкладка; гумова підметка\r\nШнурівка; фіксуюча нейлонова трубка навколо щиколотки для рівномірного розподілу тиску по стопі\r\nКраїна виробник: В\'єтнам\r\nКолір моделі: Cloud White / Cloud White / Core Black\r\nНомер моделі: EE6464', '2024-05-29'),
(2, 'Кросівки YEEZY BOOST 380 ADULTS', 'Кросівки YEEZY BOOST 380 ADULTS', 'Кросівки YEEZY BOOST 380 ADULTS', 'Кросівки YEEZY BOOST 380 ADULTS', '8499.00', 1, 1, 'ПРО МОДЕЛЬ\r\nКраїна виробник: КНР\r\nКолір моделі: Azure / Azure / Azure\r\nНомер моделі: FZ4986', '2024-05-29'),
(3, 'ЧЕРЕВИКИ TERREX SKYCHASER 2 GORE-TEX', 'ЧЕРЕВИКИ ДЛЯ ХАЙКІНГА TERREX SKYCHASER 2 GORE-TEX', 'ЧЕРЕВИКИ ДЛЯ ХАЙКІНГА TERREX SKYCHASER 2 GORE-TEX', 'ЧЕРЕВИКИ ДЛЯ ХАЙКІНГА TERREX SKYCHASER 2 GORE-TEX', '6299.00', 1, 8, 'ПРО МОДЕЛЬ\r\nМембрана GORE-TEX та еластична п\'ята з водовідштовхувальним покриттям (DWR)\r\nПроміжна підошва Boost та вставка в проміжній підошві для захисту від каміння\r\nСтабілізуючий каркас з ЕВА\r\nТекстильний верх з брудозахистною вставкою з термополіуретану\r\nШнурівка\r\nПідметка з гуми Continental ™\r\nКолір моделі: Sky Rush / Grey Six / Acid Red\r\nНомер моделі: GZ3037', '2024-05-29'),
(4, 'КРОСІВКИ DEVIATE NITRO™ 2', 'КРОСІВКИ DEVIATE NITRO™ 2 MEN\'S RUNNING SHOES', 'КРОСІВКИ DEVIATE NITRO™ 2 MEN\'S RUNNING SHOES', 'КРОСІВКИ DEVIATE NITRO™ 2 MEN\'S RUNNING SHOES', '7490.00', 2, 12, 'Деталі:\r\nВид спорту: біг\r\nТехнології: NITRO™, PWR-PLATE, PUMAGRIP ATR, INNOPLATE\r\nХарактеристики\r\nМатеріал верху:100% текстиль\r\nМатеріал підошви: гума\r\nNITRO™: Технологія піни, що забезпечує максимальну чутливість у надзвичайно легкому корпусі\r\nINNOPLATE: Інноваційна пластина, розроблена як важіль для максимальної передачі енергії при відштовхуванні\r\nМаксимальний рівень амортизації\r\nДихаючий сітчастий верх\r\nЗастібка-шнурівка\r\nПерепад від п\'яти до носка: 6 мм\r\nРекомендовано для нейтральних пронаторів', '2024-05-30'),
(5, 'КЕДИ PUMA X PLAYSTATION SUEDE SNEAKERS', 'КЕДИ PUMA X PLAYSTATION SUEDE SNEAKERS', 'КЕДИ PUMA X PLAYSTATION SUEDE SNEAKERS', 'КЕДИ PUMA X PLAYSTATION SUEDE SNEAKERS', '4990.00', 2, 3, 'Характеристики\r\nМатеріал верху: 100% шкіра\r\nМатеріал підошви: гума\r\nШкіряні вироби PUMA підтримують відповідальне виробництво через Leather Working Group\r\nЗамшевий верх з тональним графічним принтом з тисненням\r\nШкіряна Formstrip з вшитим нейлоновим кантом\r\nСітчаста підкладка та устілка\r\nЛоготип PUMA x PLAYSTATION на плівці ТПУ на задній панелі\r\nНапівпрозора гумова фурнітура\r\nГумова підошва\r\nКобрендинг PUMA x PLAYSTATION', '2024-05-27'),
(6, 'КРОСІВКИ AMG VELOPHASIS SNEAKERS', 'КРОСІВКИ AMG VELOPHASIS SNEAKERS', 'КРОСІВКИ AMG VELOPHASIS SNEAKERS', 'КРОСІВКИ AMG VELOPHASIS SNEAKERS', '4440.00', 2, 5, 'Деталі:\r\nВид спорту: Автоспорт\r\nТехнології:ТПУ\r\nХарактеристики:\r\nМатеріал верху:89,51% текстиль, 10,49% синтетичні матеріали\r\nМатеріал підошви:гума\r\nВідкрита сітчаста основа\r\nВирізаний сітчастий задник та каркас з термотисненням логотипа PUMA Cat\r\nСинтетичні люверси та накладки з друкованими та рельєфними лініями\r\nНапівпрозора формована деталь з ТПУ\r\nВідкритий сітчастий язичок з логотипом PUMA та Velophasis\r\nТекстильна підкладка\r\nТекстильна устілка\r\nГумова підошва\r\nБрендування AMG', '2024-05-27'),
(7, 'КРОСІВКИ NIKE AIR MAX DN', 'КРОСІВКИ NIKE AIR MAX DN', 'КРОСІВКИ NIKE AIR MAX DN', 'КРОСІВКИ NIKE AIR MAX DN', '9129.00', 3, 1, 'Комфорт та підтримка.\r\nПредставляємо вам нову еволюцію технології Air - Air Max Dn, з нашою інноваційною системою Dynamic Air, оснащеною подвійними трубками тиску. Вони створюють відчуття активної реакції на кожному кроці, надаючи кросівкам сучасний дизайн, що ідеально підходить для повсякденного носіння як вдень, так і вночі. Пориньте в дивовижний досвід бігу.\r\nПереваги:\r\n• Наша система Dynamic Air складається з двох наборів трубок подвійного тиску, що забезпечують максимальний тиск на п\'яту та м\'який тиск на середню частину стопи, забезпечуючи гладкий перехід на кожному кроці.\r\n• Багатошарова сітчаста тканина верхньої частини створює відчуття легкості та забезпечує гарну вентиляцію, а тактильний принт додає текстурного ефекту. М\'яка піна навколо системи амортизації забезпечує унікальну м\'якість та підтримку.\r\n• Цей дизайн забезпечує комфорт зверху вниз і має високу ефективність відскоку, що надає енергії кожному вашому руху.\r\nІнформація про продукт:\r\nПідошва із піноматеріалу.', '2024-05-28'),
(8, 'КРОСІВКИ NIKE P-6000 PRM', 'КРОСІВКИ NIKE P-6000 PRM', 'КРОСІВКИ NIKE P-6000 PRM', 'КРОСІВКИ NIKE P-6000 PRM', '6529.00', 3, 2, 'Ідеальний баланс.\r\nNike P-6000 PRM – це ідеальний баланс між ретро-естетикою та інноваційними технологіями. Модель відрізняється багатошаровим верхом зі шкіри, текстилю та синтетики, що забезпечує не лише стильний зовнішній вигляд, а й довговічність. Комфорт та амортизація на найвищому рівні завдяки міжпідошві з піноматеріалу та підкладці з м\'яких матеріалів.\r\nПереваги:\r\n• Натхненні класичними біговими моделями Nike початку 2000-х років, P-6000 PRM поєднує vintage вигляд з сучасними елементами.\r\n• Комбінація шкіри, текстилю та синтетичних матеріалів створює міцну та дихаючу конструкцію, яка забезпечує відмінну вентиляцію та комфорт.\r\n• Міжпідошва з піноматеріалу EVA забезпечує відмінну амортизацію та підтримку, зменшуючи навантаження на суглоби під час ходьби або бігу.\r\n• Гумова підошва з візерунком вафлі гарантує надійне зчеплення з будь-якою поверхнею, забезпечуючи впевненість у кожному кроці.\r\n• Ці кросівки відмінно підходять як для повсякденного носіння, так і для легких тренувань, роблячи ідеальним вибором для активних людей.', '2024-05-28'),
(9, 'КРОСІВКИ NIKE METCON 9 AMP', 'КРОСІВКИ NIKE METCON 9 AMP', 'КРОСІВКИ NIKE METCON 9 AMP', 'КРОСІВКИ NIKE METCON 9 AMP', '7979.00', 3, 4, 'Цей оновлений Metcon 9 обіцяє вам неперевершений комфорт та підтримку, незалежно від того, які цілі ви ставите перед собою під час тренувань. Ці кросівки розроблені для різних видів активностей, будь то важка атлетика, біг або інтенсивні тренування.\r\nПереваги:\r\n• Покращена пластина Hyperlift у п\'яті забезпечує стабільність нижньої частини тіла навіть при виконанні найскладніших вправ, таких як спліт-присідання та станова тяга.\r\n• Розширене гумове покриття з боків гарантує додаткову міцність та оптимальне зчеплення.\r\n• Легка дихаюча сітка не тільки зберігає ноги прохолодними, але й забезпечує високий ступінь довговічності, захищаючи від подряпин та порізів.\r\n• Міжпідошва подвійної щільності – це комбінація твердого та м\'якого пінопласту, що забезпечує ідеальне поєднання миттєвої амортизації та довготривалого комфорту під час інтенсивних тренувань та кардіо.', '2024-05-28'),
(10, 'New Balance 1906U', 'New Balance 1906U', 'New Balance 1906U', 'New Balance 1906U', '7599.00', 4, 18, 'NEW BALANCE 1906U\r\nКультові кросівки New Balance 1906U повернулися в новому стилі. Натхненні дизайном бігових кросівок 2000-х років, це класичне взуття продовжує залишатися одним з основних продуктів у світі бігу. Його амортизувальна підошва N-ergy оснащена Stability Web для додаткової підтримки склепіння стопи, а проміжна підошва ACTEVA LITE і амортизація п\'яти ABZORB SBS забезпечують комфорт і стійкість. З класичними кросівками 1906U ви отримуєте стильні бігові кросівки з відмінними характеристиками.\r\nЗастібка: шнурки', '2024-05-28'),
(11, 'New Balance 327', 'New Balance 327', 'New Balance 327', 'New Balance 327', '6799.00', 4, 11, 'NEW BALANCE 327\r\nКоли рекреаційний біг набув широкої популярності в 1970-х роках, еталон бігового взуття змістився з простого існування на продуктивність. Хоча за сьогоднішніми мірками дизайн тієї епохи можна було б вважати простим, десятиліття виділяється як момент, коли кросівки дійсно знайшли свої власні переваги. Модель 327 проливає нове світло на 70-ті роки як на час інновацій, сміливо змінюючи класичні елементи дизайну на абсолютно сучасний вигляд. Завдяки переробці перевіреного і надійного силуету на танкетці, збільшеному розміру, асиметрично нанесеному логотипу «N» і заокругленій підошві, модель 327 являє собою не що інше, як повне переосмислення нашої бігової спадщини.', '2024-05-28'),
(12, 'New Balance 580', 'New Balance 580', 'New Balance 580', 'New Balance 580', '6799.00', 4, 9, 'NEW BALANCE 580\r\nМодель 580 - одна з найвидатніших моделей в історії New Balance. Підошва ABZORB поглинає удари завдяки поєднанню амортизації та опору стисненню. Амортизація проміжної підошви C-CAP забезпечує надійну підтримку.\r\nЗастібка: шнурки', '2024-05-27'),
(13, 'Кросівки Asics GEL-1130', 'Кросівки Asics GEL-1130', 'Кросівки Asics GEL-1130', 'Кросівки Asics GEL-1130', '3899.00', 5, 11, 'Кросівки з колекції Asics виготовлені із поєднання текстильної тканини і штучної шкіри. Легка та зручна модель ідеально підходить для щоденного носіння.\r\n- Виріб містить матеріали, виготовлені з перероблених волокон.\r\n- Чуйна система підтримки ASICS TRUSSTIC™, розташована в проміжній підошві, регулює свою роботу відповідно до типу поверхні та рівня навантаження на стопу. Спеціальна пластикова вставка між верхньою і нижньою частиною підошви згинається при помірному навантаженні і таким чином зменшує тиск на стопу, а при надмірному русі стає жорсткою, забезпечуючи стійкість стопи. Завдяки цій збалансованій технології стопа менше втомлюється.\r\n- Технологія ASICS GEL™, завдяки спеціальному гелю, розміщеному в стратегічних місцях підошви, забезпечує амортизацію стопи під час активності. Завдяки використанню цього рішення стопа стає більш стійкою, рух залишається природним, а взуття надзвичайно зручне у використанні.\r\n- Круглий, щільний носок.\r\n- Жорстка п\'ятка стабілізує каблук і утримує ногу у взутті, щоб вона не вислизала під час руху.\r\n- Гумова рифлена підошва міцна і забезпечує хороше зчеплення.\r\n- Текстильна внутрішня частина комфортна для ноги і полегшує утримання взуття в чистоті.\r\n- Легка випрофільована устілка з системою Ortholite® надзвичайно м’яка та еластична, завдяки чому вона пристосовується до стопи, довше зберігає початкову товщину та забезпечує хорошу амортизацію. Спінений матеріал, з якого вона виготовлена, забезпечує оптимальну повітропроникність і має високі антибактеріальні властивості, запобігаючи утворенню бактерій, грибків і неприємних запахів.\r\n- Класична шнурівка забезпечує індивідуальне регулювання стопи.\r\n- Довжина устілки становить: 23 cm.\r\n- Параметри вказані для розміру: 37.\r\nСклад: Халяви: Синтетичний матеріал, Текстильний матеріал\r\nВнутрішня частина: Текстильний матеріал\r\nПідошва: Синтетичний матеріал\r\nID Товару: PPYH-OBD3BE_00X\r\nКод виробника: 1202A501.100', '2024-05-29'),
(14, 'Бігові кросівки Asics GT-1000 12', 'Бігові кросівки Asics GT-1000 12', 'Бігові кросівки Asics GT-1000 12', 'Бігові кросівки Asics GT-1000 12', '5399.00', 5, 13, 'Черевики для бігу з колекції Asics. Модель з технологією, яка забезпечує амортизацію.\r\n- Виріб виготовлений повністю з матеріалів, придатних для веганів.\r\n- Легкий сітчастий верх забезпечує належний рівень повітропроникності.\r\n- Зварені синтетичні елементи верху підвищують його міцність і додатково підтримують стопу.\r\n- Плоскі шнурки зменшують тиск на стопу, забезпечуючи хорошу посадку та комфорт під час носіння.\r\n- Легка випрофільована устілка з системою Ortholite® надзвичайно м’яка та еластична, завдяки чому вона пристосовується до стопи, довше зберігає початкову товщину та забезпечує хорошу амортизацію. Спінений матеріал, з якого вона виготовлена, забезпечує оптимальну повітропроникність і має високі антибактеріальні властивості, запобігаючи утворенню бактерій, грибків і неприємних запахів.\r\n- Проміжна підошва виготовлена з піни FLYTEFOAM™, яка є легкою та надзвичайно міцною. Завдяки використанню цього матеріалу, стопа захищена від ударів, що виникають під час активності, а вага взуття залишається відносно низькою.\r\n- Система LITETRUSS™ полегшує перекат стопи і покращує стабілізацію в гомілковостопному суглобі.\r\n- Технологія ASICS GEL™, завдяки спеціальному гелю, розміщеному в стратегічних місцях підошви, забезпечує амортизацію стопи під час активності. Завдяки використанню цього рішення стопа стає більш стійкою, рух залишається природним, а взуття надзвичайно зручне у використанні.\r\n- Висота підйому п\'яти 8 mm.\r\n- Вага товару: 270 g.\r\n- Довжина устілки становить: 27 cm.\r\n- Параметри вказані для розміру: 42.\r\nСклад: Халяви: Синтетичний матеріал, Текстильний матеріал\r\nВнутрішня частина: Текстильний матеріал\r\nПідошва: Синтетичний матеріал\r\nID Товару: PPYH-OBM14G_02X\r\nКод виробника: 1011B761.250', '2024-05-29'),
(15, 'Asics Tiger - Черевики Japan S', 'Asics Tiger - Черевики Japan S', 'Asics Tiger - Черевики Japan S', 'Asics Tiger - Черевики Japan S', '2999.00', 5, 19, 'Черевики із колекції Asics. Модель виготовлена зі штучної шкіри.\r\n- Злегка ущільнений носок.\r\n- Резинова підошва.\r\n- Комфортна устілка, що виймається.\r\n- Текстильна внутрішня частина.\r\n- Модель зі шнурівкою.\r\n- Довжина устілки становить: 26,5 cm.\r\n- Параметри вказані для розміру: 42.\r\nСклад:\r\nХаляви: Синтетичний матеріал\r\nВнутрішня частина: Текстильний матеріал\r\nПідошва: Синтетичний матеріал\r\nID Товару: 9B84-OBM028_99X\r\nКод виробника: 1191A163', '2024-05-29'),
(16, 'Salomon Aero Blaze 2 W', 'Жіночі кросівки для бігу Salomon Aero Blaze 2 W', 'Жіночі кросівки для бігу Salomon Aero Blaze 2 W', 'Жіночі кросівки для бігу Salomon Aero Blaze 2 W', '4759.00', 6, 7, 'Особливості:\r\nЛегкий сітчастий верх забезпечує необхідний рівень повітропроникності.\r\nКонструкція верху Sensifit ™ охоплює стопу та забезпечує високий рівень посадки, що забезпечує стабілізацію стопи під час руху.\r\nЗварні елементи, розташовані у верхній частині, додатково зміцнюють та стабілізують стопу.\r\nПлоскі шнурки менше тиснуть на стопу, забезпечуючи хорошу посадку та комфорт при носінні.\r\nЛегка, спеціально профільована устілка із системою Ortholite® надзвичайно м\'яка та пружна, завдяки чому вона адаптується до стопи, довше зберігає початкову товщину та забезпечує гарну амортизацію. Спінений матеріал, з якого він виготовлений, забезпечує оптимальну повітропроникність і виявляє високі антибактеріальні властивості, запобігаючи утворенню бактерій, грибків та неприємних запахів.\r\nЛегка, реактивна проміжна підошва з піни Energy Foam, виготовлена з комбінації матеріалу EVA та олефіну (OBC), забезпечує тривалу амортизацію та динамічну віддачу енергії.\r\nТехнологія Anatomical Decoupling це унікальні канавки та незалежні між собою платформи, розміщені у взутті, які амортизують та стабілізують стопу, гарантуючи виключно плавне кочення під час руху.\r\nЗовнішня підошва Contagrip®, виготовлена з надзвичайно міцного матеріалу, гарантує хороше зчеплення з різною поверхнею.', '2024-05-29'),
(17, 'Чоловічі кросівки для бігу Salomon Pulsar Trail', 'Чоловічі кросівки для бігу Salomon Pulsar Trail', 'Чоловічі кросівки для бігу Salomon Pulsar Trail', 'Чоловічі кросівки для бігу Salomon Pulsar Trail', '4149.00', 6, 10, 'Особливості:\r\n\r\nЛегка та чуйна міжпідошва Energy Surge поєднує в собі один із найм\'якіших компонентів — піну EVA з олефіновим волокном. Взуття забезпечує тривалу амортизацію і відмінну пружність.\r\nContagrip забезпечує оптимальне зчеплення на різних поверхнях, гарантуючи водночас чудову стійкість і довговічність завдяки поєднанню спеціальних гумових компонентів із протиковзкими властивостями.\r\nВідома система швидкого шнурування QUICKLACE, яка забезпечує точну посадку ноги у взутті за один потяг за шнурки. Легке, швидке і точне затягування за лічені секунди. Звісно, є можливість придбати новий кевларовий шнурок і легко замінити його за потреби.\r\nСкладена з легкої пластини TPU, технологія ENERGY BLADE RUNNING покращує ваші враження від бігу дорогою чи стежкою, додаючи потужності та драйву вашому кроку. Легкі, чутливі пластини в поєднанні з піною міжпідошви та геометрією підошви створюють енергонаповнене взуття, яке сприяє швидкому, плавному руху.\r\nРекомендації щодо догляду:\r\n\r\nПісля кожного носіння просушувати взуття, уникаючи нагрівання.\r\nРекомендується хімчистка, якщо виробник не вказав інший спосіб чищення на виробі або упаковці.\r\nУникати сильного намокання під час носіння.\r\nЗберігати взуття, використовуючи спеціальні вставки або папір для підтримки форми.', '2024-05-29'),
(18, 'Чоловічі кросівки Salomon Xa Pro 3D V9 Wide', 'Чоловічі кросівки Salomon Xa Pro 3D V9 Wide', 'Чоловічі кросівки Salomon Xa Pro 3D V9 Wide', 'Чоловічі кросівки Salomon Xa Pro 3D V9 Wide', '5289.00', 6, 13, 'Особливості:\r\n\r\n\r\nВигнута геометрія проміжної підошви Reverse Camber скорочує час контакту стопи із землею і, таким чином, значно полегшує та прискорює крок.\r\nЯзичок із сітчастої тканини забезпечує додаткову вентиляцію.\r\nСистема шнурівки Quicklace™ дозволяє швидко, легко та надійно зашнуровувати взуття, тому шнурки не розв\'язуються та не слабшають під час занять.\r\nМ\'яка підкладка з текстильного матеріалу не дратує шкіру та забезпечує високий комфорт при носінні.\r\nЛегка, спеціально профільована устілка із системою Ortholite® Eco надзвичайно м\'яка та пружна, завдяки чому вона адаптується до стопи, довше зберігає початкову товщину та забезпечує гарну амортизацію. Спінений матеріал, з якого вона виготовлена, частково перероблений і забезпечує оптимальну повітропроникність, а також має високі антибактеріальні властивості, запобігаючи утворенню бактерій, грибків та неприємних запахів.\r\nФасон tapered high.\r\nПідошва All Terrain Contagrip® надзвичайно міцна і гарантує високе зчеплення на мокрій, сухій, твердій та брудній поверхні.\r\n\r\n\r\nВигнута геометрія проміжної підошви Reverse Camber скорочує час контакту стопи із землею і, таким чином, значно полегшує та прискорює крок.\r\nЯзичок із сітчастої тканини забезпечує додаткову вентиляцію.\r\nСистема шнурівки Quicklace™ дозволяє швидко, легко та надійно зашнуровувати взуття, тому шнурки не розв\'язуються та не слабшають під час занять.\r\nМ\'яка підкладка з текстильного матеріалу не дратує шкіру та забезпечує високий комфорт при носінні.\r\nЛегка, спеціально профільована устілка із системою Ortholite® Eco надзвичайно м\'яка та пружна, завдяки чому вона адаптується до стопи, довше зберігає початкову товщину та забезпечує гарну амортизацію. Спінений матеріал, з якого вона виготовлена, частково перероблений і забезпечує оптимальну повітропроникність, а також має високі антибактеріальні властивості, запобігаючи утворенню бактерій, грибків та неприємних запахів.\r\nФасон tapered high.\r\nПідошва All Terrain Contagrip® надзвичайно міцна і гарантує високе зчеплення на мокрій, сухій, твердій та брудній поверхні.', '2024-05-30'),
(19, '123', '123', '123', '123', '123.00', 1, 123, '123', '2024-06-06');

-- --------------------------------------------------------

--
-- Структура таблицы `user`
--

CREATE TABLE `user` (
  `id` int NOT NULL,
  `name` varchar(50) NOT NULL,
  `rule` int NOT NULL DEFAULT '1',
  `avatar` varchar(255) CHARACTER SET utf8mb4 COLLATE utf8mb4_0900_ai_ci DEFAULT NULL,
  `email` varchar(60) NOT NULL,
  `password` varchar(40) CHARACTER SET utf8mb4 COLLATE utf8mb4_0900_ai_ci NOT NULL,
  `number` varchar(17) NOT NULL
) ENGINE=InnoDB DEFAULT CHARSET=utf8mb4 COLLATE=utf8mb4_0900_ai_ci;

--
-- Дамп данных таблицы `user`
--

INSERT INTO `user` (`id`, `name`, `rule`, `avatar`, `email`, `password`, `number`) VALUES
(1, 'nazar', 2, '17193417071693909024dd9683e1341d7f8edf6708ce26cd3f2b.png', 'nazarsnitka813@gmail.com', '7110eda4d09e062aa5e4a390b0a572ac0d2c0220', '634769823');

--
-- Индексы сохранённых таблиц
--

--
-- Индексы таблицы `brend`
--
ALTER TABLE `brend`
  ADD PRIMARY KEY (`id`);

--
-- Индексы таблицы `buyers`
--
ALTER TABLE `buyers`
  ADD PRIMARY KEY (`id`),
  ADD UNIQUE KEY `email` (`email`);

--
-- Индексы таблицы `photo`
--
ALTER TABLE `photo`
  ADD PRIMARY KEY (`id`);

--
-- Индексы таблицы `relationOrder`
--
ALTER TABLE `relationOrder`
  ADD PRIMARY KEY (`id`);

--
-- Индексы таблицы `settingPage`
--
ALTER TABLE `settingPage`
  ADD PRIMARY KEY (`id`);

--
-- Индексы таблицы `tovar`
--
ALTER TABLE `tovar`
  ADD PRIMARY KEY (`id`);

--
-- Индексы таблицы `user`
--
ALTER TABLE `user`
  ADD PRIMARY KEY (`id`),
  ADD UNIQUE KEY `email` (`email`);

--
-- AUTO_INCREMENT для сохранённых таблиц
--

--
-- AUTO_INCREMENT для таблицы `brend`
--
ALTER TABLE `brend`
  MODIFY `id` int NOT NULL AUTO_INCREMENT, AUTO_INCREMENT=7;

--
-- AUTO_INCREMENT для таблицы `buyers`
--
ALTER TABLE `buyers`
  MODIFY `id` int NOT NULL AUTO_INCREMENT, AUTO_INCREMENT=2;

--
-- AUTO_INCREMENT для таблицы `photo`
--
ALTER TABLE `photo`
  MODIFY `id` int NOT NULL AUTO_INCREMENT, AUTO_INCREMENT=74;

--
-- AUTO_INCREMENT для таблицы `relationOrder`
--
ALTER TABLE `relationOrder`
  MODIFY `id` int NOT NULL AUTO_INCREMENT, AUTO_INCREMENT=11;

--
-- AUTO_INCREMENT для таблицы `settingPage`
--
ALTER TABLE `settingPage`
  MODIFY `id` int NOT NULL AUTO_INCREMENT, AUTO_INCREMENT=8;

--
-- AUTO_INCREMENT для таблицы `tovar`
--
ALTER TABLE `tovar`
  MODIFY `id` int NOT NULL AUTO_INCREMENT, AUTO_INCREMENT=20;

--
-- AUTO_INCREMENT для таблицы `user`
--
ALTER TABLE `user`
  MODIFY `id` int NOT NULL AUTO_INCREMENT, AUTO_INCREMENT=2;
COMMIT;

/*!40101 SET CHARACTER_SET_CLIENT=@OLD_CHARACTER_SET_CLIENT */;
/*!40101 SET CHARACTER_SET_RESULTS=@OLD_CHARACTER_SET_RESULTS */;
/*!40101 SET COLLATION_CONNECTION=@OLD_COLLATION_CONNECTION */;
